elvish,english
aha,rage
ahtar-,to do back
ahtar-,react; to requite
ahtar-,avenge
accar-,to do back
accar-,react; to requite
accar-,avenge
ahto,wright
ahto,maker
ahya-,to change
ai²,supposing
ai²,suppose
ai²,maybe
aian,holy thing
aian,object
aian,place
aica,fell
aica,terrible
aica,dire
ailin,a large lake
aina,holy
aina,revered
aina,numinous
aina-,to hallow
aina-,bless
aina-,treat as holy
ainas,hallow
ainas,fane
ainima,blessed
ainima,holy (of things)
Ainu,holy one
Ainu,spirit
aira,holy
aira,sanctified
airë²,sea
airëa,holy (applied to persons)
airita-,to hallow
airon,ocean
aista,*holy
aistana,*blessed
manna,*blessed
aiwë,(small) bird
ala-¹,to plant
ala-¹,grow
ala-²,to deny; *to not be
alacarna,well-done
alacarna,well-made
alahasta,unmarred
úχarin,unmarred
úharin,unmarred
alahen,eyeless
alalmë,inflorescence
alalbë,inflorescence
alalvëa,having many elms
alamen,good omen on departure
alanessë,nicotiana
alanessë,pipeweed
alenessë,nicotiana
alenessë,pipeweed
alaquenta,well (happily) said
alasaila,unwise
alassë,happiness
alca-,to glitter
alcar,glory
alcar,splendour
alcar,radiance
alcar,brilliance
alcarin(qua),glorious
alcarin(qua),brilliant
alda,tree
aldarembina,tree-meshed
Aldëa,*Tuesday
Aldëa,Tree-day (Númenórean)
aldinga,tree-top
Aldúya,*Tuesday
Aldúya,Day of the Two Trees
Aldauya,*Tuesday
Aldauya,Day of the Two Trees
aleldarin,unelvish
aleldarinwa,unElvish
alima,fair
alima,good
allumë,never
alma,flower
alba,flower
almë,good (or blessed) thing
almë,blessing
almë,piece of good fortune
alqua,swan
alvë,elm
albë,elm
alya,fair
alya,good
alya-,to cause to prosper
alya-,bless (a work)
alya-,help one
amaltil,*mother finger
amanya,*blessed
amaurë,dawn
amaurë,early day
amaurë,morning
amaurëa,dawn
amaurëa,early day
amaurëa,morning
amba¹,up(wards)
ambalotsë,uprising-flower
Ambar,The World
Ambar,Earth
Ambar,(lit.) Habitation
Ambar,Settlement
Imbar,Habitation
ambarónë,dawn
ambë,more
ambela,further still beyond
ambela,far away beyond
am(be)na,nearer to
amna,nearer to
ambo,hill
ambo,rising ground
ambo,mount
ambona,hill
ambuna,hilly
amilessë,mother-name
amil(lë),mother
emil,mother
emmë²,mummy
emmë²,mother (familiar/family)
amorta-,to heave
ampa,hook
empollië,*retrying
empollië,redoing
empollië,another attempt
amya,mummy
amya,(orig.) my mother
am(il)ye,*mummy
emya,mummy
emya,(orig.) my mother
amya-²,[unglossed]
(a)nacca,narrows
(a)nacca,defile
(a)nacca,pass
(a)nacca,cut
nacca,narrows
nacca,defile
nacca,pass
nacca,cut
Anar,Sun
Anarya,Sunday
Anarya,(lit.) Sun-day
anastorna,*extremely hard
anca,jaws
ancárima,easy
ancárima,(lit.) very doable
anda,long
anda,far
andamacil,long sword
andanéya,long ago
andanéya,once upon a time
andatehta,long-mark
andavanwa,long-passed; long-departed
andavë,long
andavë,at great length
ando,gate
ando,[great] door; †entrances
ando,approaches
andúna,western
andúnë,sunset
andúnë,evening
andúnë,(orig.) going down; west
anel,daughter
anessë,given (or added) name
anessë,nickname
anessë,surname
anga,iron
angal,mirror
anna,gift
anna,(orig.) thing handed
anna,brought
anna,sent to a person
anwa,gift
anon,son
anta,jaw
anta-,to give
anta-,present; †to add to
antil,*middle finger
anto,mouth
antorya-,to strengthen [of sound]
antoryamë,strengthening
anya-,to reach
anya-,arrive at
anya-,go to
ten-,to arrive
ten-,come to
tenya-,to arrive
tenya-,end (not at speaker’s[?] place)
ap-,to touch one
ap-,concern
ap-,affect
apacen,foresight
apacen,*(lit.) after-sight
apacenya,of foresight
(apa)ruivë,wild fire
(apa)ruivë,fire as conflagration
ruivë,wild fire
appa-,to touch
apsen-,to remit
apsen-,release
apsen-,forgive
apta-,to refuse
apta-,deny
apta-,say nay
aqua,fully
aqua,completely
aqua,altogether
aqua,wholly
aquapahtië,privacy
aquapahtië,*(lit.) full-closedness
aran,king
arandil,king’s friend
arandil,royalist
arandur,minister
arandur,steward
arandur,(lit.) king’s servant
aranel,princess
aranië,kingdom
túrindië,*kingdom
túrinasta,*kingdom
aranus(së),kingship
aranya,*royal
arata,high
arata,noble
arata,exalted
arata,lofty
arta²,high
arta²,noble
arta²,exalted
arta²,lofty
aráto,champion
aráto,eminent man
aráto,noble
aráto,lord
aráto,king
arcandë,*petition
arcas,crown
arda,region
arda,realm
arda,particular land
arda,region
árë,sunlight
árë,warmth (especially of the sun); day
árë nuquerna,árë-reversed
arimaitë,skilful
arma,ray of sunlight
armaro,*neighbor
asambar(o),*neighbor
arpo,seizer
arpo,thief
arquen,noble
arquen,knight
arra,[unglossed]
arta¹,etcetera
arya,excelling
arya,*better
arya,*best [with definite article + genitive]
arya-,to excel
asa-,to be willing
asa-,agree
aþa-,to be willing
aþa-,agree
asalastë,easily heard
asanótë,*easily counted
asar,fixed time
asar,festival
asarta,leech
asarta,doctor
asar(o),doctor
asar(o),leech
ascénima,visible
ascénima,easily seen
ascenë,visible
ascenë,easily seen
asëa,healing herb
asëa,athelas
asëa aranion,kingsfoil
asëa aranion,asëa of the Kings
asië,ease
asië,comfort
asta,month; division
asta,part (esp. one of other equal parts)
asta-,to heat
asta-,bake (by exposure to sun)
astalda,strong
astalda,*valiant
astar,faith
astar,loyalty
astarindo,bystander; supporter
artarindo,bystander; supporter
astarmo,bystander; witness
asumo,friend at need
asumo,friend with shared interests
asumo,colleague
aþumo,friend at need
aþumo,friend with shared interests
aþumo,colleague
asya-,to ease
asya-,assist
asya-,comfort
ataformaitë,ambidextrous
atalantë,collapse
atalantë,downfall
atalantëa,ruinous
atalantëa,downfallen
atamaitë,two-handed
atamir,heirloom
Atan,Man
Atan,(lit.) the Second (People)
ataquanta-,*to refill
ataquanta-,fill a second time
ataquanta-,double fill
atar¹,father
atartil,thumb [nursery rhymes]
atatya,double
atto,daddy
atto,father (familiar/family)
atya¹,daddy
atya¹,(my) father
(a)taryo,daddy
atyo,*daddy
au¹,away
au¹,off
au¹,not here (of position)
au²,if only
aucir-,to cut off (and get rid of
aucir-,lose a portion)
aura,possession
aura,thing owned
aurë,day (as opposed to night)
aurë,daylight
aurë,sunlight
aurë,morning
ausa,dim shape
ausa,spectral
ausa,vague apparition
auta,ago
auta-¹,to go (away)
auta-¹,depart
auta-¹,leave; to pass away
auta-¹,disappear
auta-¹,be lost
ava-³,to depart
ava-³,go away
ava-³,disappear
ava-³,be lost
autas,a former occur[rence]
auvië,possession (abstract)
auvië,*the act of possessing
ava-¹,to refuse
ava-¹,forbid
avalatya-,*to refuse to open
avalda,move[d]
avalda,stirred
avalda,excited
avalerya-,to restrain
avalerya-,to deprive of liberty
avanir,unwill
avanwa,refused
avanwa,forbidden
avanwa,banned
avanyárima,unspeakable
avanyárima,what one must not tell
avanyárima,not to be told
avanyárima,related
avaquétima,not to be said
avaquétima,that must not be said
avatyar-,*to forgive
avatyar-,(lit.) do away with
axan,law
axan,rule
axan,commandment
axë,neck (vertebrae)
axë,rock ridge
acas,neck
axo²,neck
axo¹,bone
áya,awe
caita-¹,to lie (down)
caita-²,*to lay (something down)
cal-,to shine
cala,light
calambar,*light-fated
calar,lamp
calarus,polished copper
calca,glass
cilin,glass
cálë,light
calima,bright
calima,luminous
calina,light
calina,bright
calina,sunny
calina,(lit.) illumined
calma,lamp
calma,(device for shining) light
calmatan,lampwright
calmatéma,k-series
calta-,to kindle
camba,(cupped) hand
camba,hollow of the hand
cambë,hand
cáno,commander
cáno,chief(tain)
cáno,ruler
cáno,governor; †crier
cáno,herald
canta-,?
canta²,shape
canta²,framework
cantaro,shaper
cantië,pattern
canwa¹,announcement
canwa¹,order
canya-,?to command
car-,to do
car-,make
caraitë,active
caraitë,busy
caraitië,activity
caraitië,business
carassë,built fort
carassë,dwelling surrounded by bulwarks
carasta-,to build
caraxë,*jagged hedge of spikes
carca,fang; [sharp] rock
carda,deed
carma³,deed
carië,doing
carië,making
cárima,feasible
cárima,possible (to do)
cárima,able to be done
carina,done
carma¹,helm
carma²,tool
carma²,implement
carma²,means
carma²,weapon
carmë,production
carmë,making; structure; art
carnë,red
carnë,scarlet
carpa,(entire) mouth; phonetic system
carpa-,to talk
carpa-,speak
carpa-,use tongue
carpassë,mouth-system; full organized language
carpassë,including system
carpassë,vocabulary
carpassë,metre
carpassë,etc.
carrëa,tressure
cas,head
cára,head
Casar,Dwarf
cas(ta),to the top
castol(o),helmet
cat-,to shape
cat-,fashion
cauma,protection
cauma,shelter; shield
cav-,to receive
cam-,to receive
cé¹,may (be)
cëa,*hedge
céla,maybe not
celima,fluent
celumë,flowing
celumë,flood (tide)
celumë,stream
celundë,welling forth
celussë,freshet
celussë,water falling out swiftly from a rocky spring
celva,animal
celva,living thing that moves
cemen,the earth; earth
cen,sight
cen-,to see
cen-,behold
cen-,look
cenasta,if it be so
cenasta,may be
cenasta,perhaps
cenasit,if it be so
cenasit,may be
cenasit,perhaps
cenda,inspection
cenda,reading
cenda-,to watch (intensively)
cenda-,observe (for some time); to read
cendë,point
cendelë,face
canwa²,face
cénima,visible
cenítë,seeing
cenítë,*able to see
centa,enquiry
centa,*essay
cenwa,?reading
cenya,*seeing
Cermië,July
certa,rune
ces-,to search
ces-,examine (in order to find something)
cesta-¹,to seek
cesta-¹,search for
cesta-²,to ask
cesya-,to cause interest
cesya-,interest (oneself)
cesya-,(lit.) to cause one to enquire
ceula,?alive (of vegetable)
ceulë,*renewal
ceura,renewed
ceurë,renewed
ceuran,new-moon
ceuranar,new sun after solstice
ceuta-,to renew
ceuta-,refresh
céva,fresh
céva,new
céva,renewed
ceu,fresh
ceu,new
cilintilla,looking-glass
cilintír,looking-glass
cilinyul,drinking-vessel (made of glass)
cilmë,choice
cilmë,choosing
cilmessë,self-name
címa,edge of a cutting weapon/tool
cimba,edge
cimba,brink
cinta,small
cir-,to cut
circa,sickle
cirincë,scarlet-plumed species of bird
cirma,knife
cirmacin,knife-edge
cirya¹,(sharp-prowed) ship; swift gliding
cirya²,cleft
cirya²,pass
ciryamo,mariner
ciryando,sailor
ciryaquen,shipman
ciryaquen,sailor
ciryatan,shipbuilder
ciryatan,shipwright
cíta-,to suppose
ciuca,*thigh
cyúca,*thigh
cöa,house; outhouse
cöa,shed
cöa,hut
cöa,booth; building used for a dwelling
cöa,other purposes; †body
cöacalina,light of the house
cöacalina,indwelling spirit
coimas,life-bread
coimas,lembas
lerembas,bread taken on leaving home (for a long journey)
coimen,life-year
coirë,stirring
coirë,early spring
coirëa,living
coita-,*to live
coita-,be alive
coita-,have life
coivië,life
coivë,life
cuivië²,life
col-,to bear
col-,*carry
col-,wear
colba,*womb
colbanavië,gestation
colbanavië,*(lit.) womb-being
colbamarië,gestation
colbamarië,*(lit.) womb-residence
cólima,bearable
cólima,light (of burdens and things comparable
cólima,troubles
cólima,labors
cólima,afflications)
colindo,bearer
colla,borne
colla,worn; vestment
colla,cloak
collo,cloak
cólo,burden
coloitë,capable of bearing
coloitë,tolerant (of)
coloitë,enduring
coloitië,endurance
coloitië,staunchness
coloitië,fortitude
comya-,to collect
conta-,[unglossed]
coranar,(solar) year
coranar,(lit.) sun-round
corma,ring
coron,mound
corto,circle
cotto,*enemy
cuima,creature
cuima,animal
cuiva,animal
cuita-,to live
cuivië¹,awakening
cuivë,awakening
culumalda,laburnum
culumalda,*(lit.) orange-tree
cúma,[unglossed]
cúna,bent
cúna,curved
cúna-,to bend
cundo,lord
cundo,guardian
condo,lord
cunya-,to rule
cunta-,to rule
curo,skillful (?device)
curu,skill
curwë,skill of the hand
curwë,technical skill and invention
cuv-,to conceal
cuv-,hide
cúvima,concealable
cuvo,hider
cuvoitë,hiding
cuvoitë,secretive; treacherous
Eä,Creation
Eä,the (Material) Universe
Eä,Cosmos
Eä,World; it is
Eä,let it be
ëa-,to be
ëa-,exist
ëala,spirit (not incarnate)
ëala,being
ëar,sea
ëar,great sea
ëaren,ocean
ëaren,great sea
eäron,ocean
eäron,great sea
ëarendur,(professional) mariner
Eärenya,Sea-day
Eärenya,*Thursday
ëarráman,great ship for sailing on the Great Sea
ec-,to have a chance of; may
ec-,can
ecces-,to find out
ecces-,bring out by examining
ecces-,eyeing[?]
ecellë,urchin
ecellë,hedgehog
ecet,short stabbing sword
ehtelë,spring
ehtelë,issue of water
él,star
Elda,Elf
Elda,(lit.) one of the Star-folk
Eldalië,People of the Elves
Eldalië,Elven-folk
elen,star
Elenya,Saturday
Elenya,*Star-day
elenya,adjective referring to the stars
elenya,*of the stars
elenya,stellar
elp-,to anoint
elvëa,starlike
emel,love [abstract]
emer-,?to herd (sheep)
emerwen,shepherdess
emma,*picture
en,then soon
enya,then soon
en(a),still
enda,heart; centre
endë,centre
endë,middle
entë²,centre
endëa,middle
enelmo,go-between
enelmo,intervener
enelmo,intermediary
enelmo,mediator
engë,ago
engë,in the past
engwa,sickly
engwë,thing [that exists]
enquanta-,to refill
enquet-,to repeat
enquet-,say again
ataquetië,saying again
ataquetië,repetition
enquië,Elvish week of six days
enta,another
enta,one more
entar,tomorrow
entë¹,moreover
entë¹,further(more)
entë¹,what is more
entul-,to come again
entul-,return
entulessë,return
entya,central
entya,middle
envinyata-,to renew
envinyata-,heal
enwa,yet
enwina,old
enyal-,to recall
enyalië,memory
enyalië,(lit.) recalling
epessë,after-name
ep(e)ta,following that
ep(e)ta,thereupon
ep(e)ta,thence
ep(e)ta,whereupon
equë,say
equë,says
equë,said
eques,saying
eques,(current
eques,proverbial) dictum
eques,quotation from someone’s uttered words
erdë,singularity
eressë,solitude
eressë,separation
eressë,isolation
eressëa,lonely
erinqua,single
erinqua,alone
erma,(physical) matter
hrón,matter
hrón,substance
hrón,flesh; body
orma,(physical) matter
Eru,The One
Eru,God
Eruva,divine
essë¹,name
estat-,to distribute in even portions
etsat-,to distribute in even portions
estel,hope
estel,trust
estel,*faith
estirnë,brow
etelehta-,*to deliver
etelehta-,(lit.) free from
eterúna-,*to deliver
eterúna-,(lit.) free from
eteminya,prominent
ethenta-,to read aloud
etsurya-,to go out
etya,exiled
fá¹,*ray of light
fá¹,flame
fai,*before of time
faila,fair-minded
faila,just
faila,generous
fairë,spirit (disembodied)
fairë,phantom; †radiance
falassë,(wave-beaten) shore
falassë,seashore
falassë,line of surf
falasta-,to foam
falasta-,surge
falma,(crested
falma,foaming) wave
falma,breaker
fana,raiment
fana,veil; (bright) shape
fana,figure; bodily form of an angelic spirit
fána,white
fánë,white
fanga,beard
fanta-,to veil
fanta-,cloak
fanta-,mantle
fantercenya,perspicacious
fantercenya,penetrating of sight
fantercenya,understanding
fanto,whale
fanwa,veil
fanwa,screen
fanwë,vapour
fanwë,steam
fanya,(white) cloud
fanya,white and shining [thing]
fanyarë,the skies (not heaven
fanyarë,firmament)
fanyarë,the upper airs and clouds
fara-,to hunt
faralë,hunting
farnë,ash
farnë,rowan
fëa,(indwelling
fëa,incarnate) spirit
fëa,soul
fëafelmë,*spirit-impulse
felca,[unglossed]
felco,cave
felco,mine
felco,underground dwelling
felehta-,[unglossed]
felmë,*impulse
felmë,emotion
felya,mine
felya,boring
felya,tunnel
felya,underground dwel[ling]
fendë,door
fenna,door
fenta-,to begin
férima,ready to hand
férima,(quickly) available
ferya-,to make ready (promptly)
fifíru-,to slowly fade away
filincë,finch
fimbë,slender
finca¹,clever (in petty ways)
finca²,[unglossed]
finda¹,having hair
finda¹,-haired
finda²,fine and delicately made
findë,hair (especially of the head)
findë,tress
findë,plait of hair
findelë,tress
findelë,lock [of hair]
findessë,head of hair
findessë,person’s hair as a whole
findilë,head of hair
finë,(single) hair
finë,filament
fínë,dexterity
fínëa,dexterous
finta-,to make
finta-,finish off
finta-,decorate a thing with delicate work; to show skill
fintalë,trick
finwa,clever
finwa,fine
finwa,delicate; dexterous
finya,clever
finya-,to do/make a thing (with fine work)
fir-,to die
fir-,fade
fir-,†expire
fir-,breathe forth
fírië,death (of Men)
fírië,*natural death
effírië,death
fírima,mortal
fírima,*(lit.) able to die
firya,mortal; human
föa,breath
föa,puff of breath
fá²,breath
fá²,puff of breath
föalócë,*breath-dragon
forma,right-hand [side]
formaitë,righthanded
formen,north
forna,northern
fúmë,breath
hac-,to yawn
hácala,yawning
hahta,fence
hahta,hedge
haia,afar
haila,far beyond
hala,cast shadow
ixal,cast shadow
halla,tall
halda,tall
hamna,pile
hamna,(artificial) mound
hampa,restrained
hampa,delayed
hampa,kept
háno,brother
hanno,brother (diminutive)
hanquenta,answer
endaquet-,to answer
tóquet-,to answer
aquet-,to answer
hantalë,thanksgiving
hanwa,seat
har-,to sit
har-,stay
haranyë,century (100 years)
harma,treasure
harya-,to have
hasa-,to treat (medically)
hasa-,(help to) cure; to treat kindly
hasa-,make easy
hasta-,to mar
hastaina,marred
χarina,marred
harina,marred
hatal,spear
haura¹,huge
haura²,hoard
haura²,store; funeral mound
háva,bread (collective)
havar,a loaf
havar,cake of bread
hecil,one lost
hecil,forsaken by friends
hecil,waif
hecil,outcast
hecil,outlaw
hecile,one lost
hecile,forsaken by friends
hecile,waif
hecile,outcast
hecile,outlaw (f.)
hecilo,one lost
hecilo,forsaken by friends
hecilo,waif
hecilo,outcast
hecilo,outlaw (m.)
hehta-,to put aside
hehta-,leave out
hehta-,exclude
hehta-,abandon
hehta-,forsake
helca,icy
helca,ice-cold
hen,eye
hendumaica,sharp-eye[d]
henfanwa,eye-screen
henfanwa,veil upon eyes
henta-,to eye
henta-,examine
henta-,read
henta-,scan
hententa-,to spot with eye
hentië,reading
heren,order
heri,lady
hérincë,*little lady
heru,lord
heru,master
hér,lord
hí,here
hildë,heir
hildë,follower
hína,child
hindë,[unglossed]
hindo,[unglossed]
sén,child
hir-,to find
hísë,mist
hísië,mist
hísië,mistiness
hísilanya,mist thread
hísilanya,grey elvish rope
Hísimë,November
Hísimë,*Misty-one
hlapu-,to blow
hlapu-,fly
hlapu-,stream in the wind
hlar-,to hear
hlas,ear
hlimbë,sliding
hlimbë,gliding
hlimbë,slippery
hlimbë,sleek
hlöa,flood
hlöa,fenland
hlócë,reptile
hlócë,snake
hlócë,serpent
hlócë,worm
lócë²,snake
lócë²,serpent
hloima,poison
hloima,poisonous substance
hloirë,venom
hloirë,poison
hloirë,poisonousness
hloirëa,venomous
hloita-,to poison
hloita-,envenom
hloita-,fill with poison
hlón(a),noise
hlón(a),sound
hlonitë,phonetic
hlonaitë,phonetic
hlúvo,greasy
hlúvo,fat
lúvo,greasy
lúvo,fat
höa,big
höa,large
hócir-,to cut off (so as to have
hócir-,use a required portion)
holdë,[unglossed]
holla,?shut
holma,?shut
holmo,sincerely
holmo,heartily
holya-,?to shut
holya-,close
holta-,?to shut
holta-,close
hón,heart (physical organ)
honda,hearted
hondo,[metaphorical] heart
hondo,(seat of the) deepest feelings
hondoringa,cold-hearted
hosta-,to gather (hastily together)
hosta-,collect
hosta-,assemble
hosta-,pile up
hótul-,to come away (to leave a place and go to another)
hrai(a)¹,awkward
hrai(a)¹,difficult
hrai(a)¹,stiff
hrai,awkward
hrai,difficult
hrai,stiff
hrai(a)²,easy
hraicénima,scarcely visible
hraicénima,hard to see
hraicenë,scarcely visible
hraicenë,hard to see
hrainotë,*hard to count
hranga,awkward
hranga,difficult
hranga,stiff
hranga,hard
hranga-,to thwart
hróva²,savage
hróva²,wild
hravan,wild beast
hrávë,flesh
hresta,beach
hresta,shore
hriz-,to snow
hrisya-,to snow (impersonal)
hrissë,fall of snow
hristil,snow (?peak)
hrívë,winter
hröa,body
hröa,bodily form
hröa,flesh; physical matter
hrondo,(physical) body
hrondo,corporeal form
hröafelmë,*body-impulse
hröangolmë,lore of the body and arts of healing
(h)róna,eastern
(h)róna,east
róna,east
hróta,dwelling underground
hróta,artificial cave
hróta,rockhewn hall
hrúcarë,evil-doing
rúcare,evil-doing
hruo,*wickedness
hrú(y)a,evil
hrú(y)a,wicked
hú,hound (or ?heart)
hó,hound (or ?heart)
huinë,gloom
huinë,(unrelieved) darkness
huinë,deep shadow
huinë,night shade; dark (as a substance)
húna,cursed
húna,accursed
húta-,to curse
hwal-,to wash
hwarwa,violent wind
hwá,violent wind
hwermë,gesture-code
hwesta,breeze
hwesta sindarinwa,Grey-elven hw
hwindë,birch
hwirya-,to wither
hyam-,*to pray
arca-,*to pray
arca-,petition
kyermë,prayer
hyana,other
exa,other
hyando,cleaver
hyanda,pressed mass
hyanda,crowd
hyarna²,compact
hyanna,compact
hyarma,left-hand [side]
hyarmen,south
hyarmen,(lit.) left-hand direction
hyarna¹,southern
exe,the other
hyero,wine
ilaurëa,*daily
ilyarëa,*daily
ilca-,to gleam (white)
illumë,*always
ilquárëa,general
ilu,everything
ilu,all
ilu,the whole
ilucara,omnificent
iluisa,omniscient
ilúvala,omnipotent
ilúvë,the whole
ilúvë,the all
ilúvë,allness
ilvan(y)a,perfect
ilya,every
ilya,each
ilya,all (of a particular group of things)
ilyë,all
imbë²,deep valley
imbë²,wide ravine
imbë²,(lit.) tween-land
imbilat,*deep valley
imya,same
imya,identical
imya,self-same
incánu,mind master
incánussë,mind mastership
indemma,mind-picture (of apparition in dream)
indil,lily
indil,other large single flower
insil,flower
insil,lily
indis,wife
indo,(state of) mind
indo,(inner) thought
indo,mood; will
indo,resolve
indómë,settled character; will of Eru
indu-,to will
indu-,do on purpose
induinen,purpose
indyel,small bell
inga,top
inga,highest point
ingaran,high-king
ingolë,lore
ingolë,science
ingolë,philosophy
ingolmo,loremaster
ingolmo,wizard
ingolmo,one with very great knowledge
ingor,summit of a mountain
inwalmë,mood of mind
inwis,change of mind/mood
ipsin,fine thread
írë,desire
írima,desirable
írima,lovely
írima,beautiful
Isil,Moon
Isil,(lit.) Sheen
isilmë,moonlight
Isilya,*Monday
Isilya,Moon-day
ista-,to know
istima,wise (in sense knowing very much)
istima,knowledgeable
istima,very well informed
istima,learned
ita-,to sparkle
íta¹,flash
íta²,very
íta²,extremely; (lit.) multiplied
íta²,increased
itara,gleaming
itas,in that case
it(ë),if
itila,twinkling
itila,glinting
lá-,to not be
lá¹,no
lá¹,not
lacalima,not possible to be kindled (made to shine)
lacaltaima,not possible to be kindled
lacaraitë,impossible
lacarë,inaction
lacarë,(lit.) not-doing
lacárima,not feasible
lacárima,impossible
lacarina,undone
lacenítë,unseeing
lacenítë,blind
lahta-,to cross
lahta-,pass over
lahta-,go over; to surpass
lahta-,excel
langa-,to cross
langa-,go over
langa-,pass over
lanya-²,to cross
laica,green
laiqua,green
laicalassë,green-leaf
laicalassë,green as leaves
laima,plant
laiquë,herb
lairë,summer
lairelossë,summer-snow-white
lairelossë,species of tree in Númenor
lairus,verdigris
laista,ignorance
laista,(lit.) not-knowing
laistila,ignorant
laistëa,ignorant
laita-,to praise
laita-,bless
laitalë,praise
lala-,to laugh
láma,sound
laman,animal
lamate,fasting
lamate,a fast
lámatyávë,*sound-taste
lamba,(physical) tongue
lambë,language
lambë,tongue
lambë,dialect
lambelë,phonetics
lambetengwë,consonant
lambina,of tongue
lambina,spoken with tongue
lamélima,unlovable
lamma-,?to echo
lanca,sharp edge (not of tools)
lanca,sudden end
landa¹,wide
landa²,boundary
lanë,hem
langa,thing that crosses
langa,ferry
langa,ford
langa,crossway
langa,bridge
langa,cross-bar
langë,surpassingly
langë,superlatively
langë,extremely
lango,neck
lanotoitë,innumerable
lanta-,to fall
lantalca,boundary post
lantalca,mark
lantë,fall
lanwa,within bounds
lanwa,limited
lanwa,finite
lanwa,(well-)defined
lanya,thread
lanya,warp
lanya-¹,to bound
lanya-¹,enclose
lanya-¹,separate from
lanya-¹,mark the limit of
laptë,gluttonous eating
láquet-,to deny (fact
láquet-,accusation); (lit.) to say ‘it is not’
lár,league; †stop
lár,pause
larma,raiment
larmo,listener (spy
larmo,scout)
las,it is/was not so
lassë,leaf
lasselanta,(late) autumn
lasselanta,(lit.) leaf-fall
lassewinta,leaf fall
lassewinta,autumn
lassewinta,*(lit.) leaf blowing
lasta-,to listen
láta,open (not closed)
látie,openness
latina,free (of movement)
latina,not encumbered with obstacles
latya,opening
latya-,to open anything (so as to allow entry)
lauca,*warm
laurë,gold (light
laurë,colour)
laurëa,golden (of hue)
laurinquë,yellow-flowered tree
lauya-,to flourish (green)
lauya-,grow
lav-,to lick
lávar,(golden) blossom
löar,(golden) blossom
lé¹,way
lé¹,method
lé¹,manner
lehta,free
lehta,released
lélë,will
lelta-,to send
lelta-,*(lit.) cause to go
leluya,thick (of a single thing)
lelya,delicate
lelya,beautiful and fine
lelya,slender
lelya,lovely
lelya-¹,to go
lelya-¹,proceed (in any direction)
lelya-¹,travel
lenna-,to come
lelya-²,to appear (of beautiful things); to attract
lelya-²,enchant (with dative)
lelya-⁴,to will with conscious purpose
lelya-⁴,immediate
lelya-⁴,remote
lenda,journey
lenda-,to go free
lenga-,to behave
lengë,gesture
lengë,characteristic look
lengë,gesture
lengë,trait
lengwë,yearning
lengwë,desire for what is lost
lengwë,absent
lenta,free
lenwë,leaving
lenwë,departure
lenweta-,to go away
lenweta-,migrate
lenweta-,leave one’s abode
lepecan,fourth finger
cantil,fourth finger
lepente,fourth finger
lependë,middle finger
enestil,*middle finger
eneldë,*middle finger
enellë,*middle finger
lepenel,middle finger
leper,finger
lepsë,*finger
lepetas,index finger
leptas,*index finger
tastil,*index finger
lepetta,Gondorian hardwood
lepincë,little finger
lepinca,little finger
nihtil,little [finger]
leuta,finger
lepta-,to pick (up/out); to finger
lepta-,feel with the fingertips
leptafinya,clever-fingered
leptenta-,*to point to
leptenta-,indicate with finger
léra,free (of persons)
lerina,free (of things)
lerta-,to be free to do
lerya-,to release
lerya-,set free
lerya-,let go
lesta,*girdle
leuca,snake
líco,wax
lícuma,taper
lícuma,candle
lië,people
lië,folk
lillassëa,having many leaves
lilómëa,many-shadowed
lilómëa,very dark
lilómëa,full of darkness
lilótëa,having many flowers
lilta-,to dance
limbë,quick
limbë,swift
limë,link
limpa,frail
limpa,slender and drooping
linda,beautiful (of sound)
linda,sweet
linda,melodious; soft
linda,gentle
linda,light
linda-,*to sing
linda-,make music
lindalë,music
lindë,singing
lindë,song
lindë,musical sound
lindimaitar,composer
lindimaitar,musician
linga-,*to hang
linga-,dangle
lingi-,[unglossed]
lingë,musical sound
lingëa,with a musical sound
lingwë,fish
linquë¹,(leaf of a) hyacinth
linta,swift
lir-,to sing
liralë,merry singing
lírë,song
liru-,to sing
lirulin,lark
aimenal,lark
lís,honey
lissë¹,sweet
lissë²,grace
liyúmë,host
löa,(seasonal) year
löa,(lit.) (time of) growth
löa,blooming
lócë¹,bight
lócë¹,bend
lócë¹,curl of hair
locin,bent
loëndë,mid-year (Númenórean calendar)
loëndë,*(lit.) year-middle
loica,failing
loica,short
loica,inadequate
loicarë,mistaken action
loico,corpse
loico,dead body
loicolícuma,corpse-candle
loima,mistake
loiparë,mistake in writing
loiquetë,mistake in speech
loita-,to miss
loita-,fail
loita-,fall short of (transitive)
lomba,blind
lómë,night
lómë,dimness
lómë,twilight
lómë,dusk
lómë,darkness
lómëa,shadowed
lómëa,gloomy
lómelindë,nightingale
lómelindë,(lit.) dusk-singer
lomentie,?away-journey
lomentie,departure
lóna,(deep) pool
lóna,mere
lóna,river-feeding well
lón(ë),deep pool
lón(ë),river-feeding well
lú(n),*deep pool
londë,(land-locked) haven
londië,harbourage
lónë,*isle
lopoldë,rabbit
lórë,dream
lossë²,inflorescence (of white flowers)
lossëa,snowy
lossëa,(snow) white
losta-,to bloom
lótë,flower
lótë,single blossom
Lótessë,May
Lótessë,*(lit.) Flower-ness
lotsë,small (single) flower
lottë,small flower
luhta-,to bow
luimë,flood
luimë,floodwater
luimë,flooded land; flood tide
luimë,high tide
luinë,blue
luinincë,bluish
luita-,to flood
luita-,inundate
luita-,drench
lumba,gloomy
lumbo,cloud; gloom
lumbo,dark
lumbo,shade
lumbulë,dark shadow
lumbulë,heavy shadow; deep in shadow
lúmë¹,time
lúmë¹,period of time
lúmë¹,hour
lúmë²,darkness
lúmequentalëa,historical
lumincë,a little while
lúna,*dark
lunca,heavy transport wain
luqua,heavy transport wain
lungo,heavy
lungumaitë,heavy-handed
luntë,boat
luppo,clumsy piece
luppo,lump
lut-,to float
lúva,bow (in forming tengwar)
lúva,bight
lúva,bend
lúva,curve
má,hand
ma²,interrogative particle
mac-,to hew with a sword
macar,swordsman; †forger
macil,sword
macil,forged sword blade
macil,cutting sword
mahalma,throne
mahta-,to handle
mahta-,wield
mahta-,use
mahta-,make use of; to manage
mahta-,deal with
mahta-,treat
mahta-,control
mahtië,management
mahtë,management
mai,well
mai-²,to have
mai-²,possess
Maia,(angelic) spirit
Maia,the Beautiful
Maiya,(angelic) spirit
Máya,angelic spirit
maica¹,sharp
maica¹,piercing
maica²,blade of a cutting tool
maica²,weapon (especially sword-blade)
maina,thing of excellence
maina,treasure
maira,admirable
maira,excellent
maira,precious
maira,splendid
maira,sublime
mairë,art
mairë,work of high and beautiful art
mairë,process of producing an art work
mairëa,beautiful (of things made by art)
mairëa,*artistic
mairia,beautiful (of things made by art)
maita,hungry
maita-,to make with art
maita-,design
maita-,compose
maitalë,act of doing [artistic] work
maitar,artist; poet
maitë,handy
maitë,skillful; having a hand
maitë,handed; shapely
alatúlië,welcome
amatúlië,blessed arrival
alatulya,welcome
amatulya,welcome (of something blessed)
maiwë,gull
málë,good health
málimë,wrist
málimë,(lit.) hand-link
malina,yellow
malina,of golden colour
malda¹,yellow
malda¹,of golden colour
malinornë,mallorn
malinornë,(lit.) golden/yellow tree
maldorne,golden/yellow tree
málo,friend
málo,comrade
malta,gold (metal)
malta,gold as material
máma,sheep
mamil,*mummy
mammata-,to gobble up; to go on eating
mammata-,gorge oneself
mána,blessing
mána,good thing
manaitë,*blessed
manaitë,having grace
manaquenta,*blessed
mando,custody
mando,safe keeping; prison
mando,duress
manen,how
manta-,to bless
manya-,to bless
maqua,hand-full
maqua,group of five (similar) things; hand (colloquial); closing
maqua,closed [hand] (facing down) for taking
maquanotië,decimal system
caistanótië,decimal system
maquet-,*to question
maquet-,ask
mar-,to abide
mar-,be settled
mar-,fixed
mar-,dwell
már,home
már,dwelling
már,habitation
mára,good
mára,proper
mar(da),dwelling
mar(da),(great) house
mar(da),residence
mar(da),mansion
mar(da),a thing
mar(da),place dwelt in
mar(da),home
máralë,goodness
máriën,goodness
marta-,to define
marta-,decree
marta-,destine
umbarta-,to define
umbarta-,decree
umbarta-,destine
martan,dwelling-house
martaman,dwelling-house
marto,tower
massa,bread
massë¹,bread
massánië,Lady
massánië,breadgiver
massë²,handful
massë²,portion
massë²,share
massë²,capacity; the personal measure
massë²,capacity of a man
massë²,a talent
maxë,handiness
masta,bread
masta,cake
masta,loaf
mat-,to eat
mátengwië,language of the hands
mátima,edible
mastima,edible
matta,food
maxo,mire
mecin,please
mehtar,warrior
mel-,to love
méla,loving
méla,affectionate
mélamar,(emotional) home
melda,dear
melda,beloved
meldë,*friend (f.)
meldo,friend
meldo,lover
melehta,mighty
meletya,mighty
melehtë,might
melehtë,power (inherent)
meletheldë,love-sister
mélië,*love
mélië,loving
melima,loving
melima,very affectionate
melmë,love (a particular case [between two people])
melotorno,love-brother
melu,honey
melumatya,honey-eating
melya-,[unglossed]
men,way
men-,to go
men-,proceed
men-,move (generally); to come
men-,arrive
mendë,*will
mendë,intent
menel,the heavens
menel,firmament
menel,sky
meneldil,astronomer
meneldil,*(lit.) lover of the heavens
menelluin,cornflower (colour)
menelluin,*(lit.) sky-blue
Menelya,*Wednesday
Menelya,Heavens-day
menta,sending
menta,message
menta-¹,to send
menta-¹,cause to go (in a desired direction)
menta-²,have as object[ive]
menta-²,(in)tend
menta-²,proceed
menta-²,make for
menta-²,go towards
mentië,passage
mentië,journey
mentië,direction of travel
mer-,to hope
mestanyatsë,suffixion
métima,last
métima,ultimate
métima,final
metta,ending
metta,end
Mettelairë,August
Mettelairë,*(lit.) End-summer
Metterrívë,January
Metterrívë,*(lit.) End-winter
millë,?ring
mimírima,very beautiful
mimíre,very beautiful
mína,desiring to start
mína,eager to go
mína-,to desire to go in some direction
mína-,wish to go to a place
mína-,make for it; to have some end in view
minassë,fort
minassë,city (with a citadel and central watch tower)
minasurië,enquiry
minasurië,*research
minaþurië,enquiry
mindë,turret
mindon,(lofty) tower
minquetyarmë,accentuation
miqu-,to kiss
miquelis,(soft
miquelis,sweet) kiss
mírëa,jewelled
mírenel,jewel-triad
miriéla,?sparkling
mírima,very valuable
mírima,very precious
mírima,very lovely (of work of art only)
mirröanwë,incarnate
miruvórë,mead
miruvórë,nectar
miruvórë,special wine
miruvórë,cordial
miruvórë,drink of the Elves
miruvórë,(lit.) precious juice
miruvor,special wine
miruvor,cordial
mirwa,precious
mirwa,valuable
mirya,beautiful
mirya,lovely (of works of art only)
míra,beautiful
míra,lovely
mísë,(light) grey
mista,grey
mistë,drizzle
mitta-,to insert
mittandë,infixion
mittandë,intrusion
mittanya-,*to lead (into)
mittanya-,induce
mittar(ë),*entering
mittar(ë),entrance
mixa,sharp-pointed
miχa,sharp-pointed
moia-,to labour
moia-,be afflicted
mol-,to labour
mól,slave
molda,big
molda,large
mólë,labour
mólë,*work
móna,*womb
carva,*womb
morimaitë,black-handed
morna,black
morna,dark; black of hair
mornië,darkness
mornië,blackness
motto,fen
motto,marsh
mulë,meal
mundo,bull
mundo,ox
mondo,ox
mussë,soft
ná-,to be
nac-,to hew
nac-,cut
náha,narrow
nahta-¹,to slay; to hurt
nahta-¹,injure
nahta-¹,wound
nahta-²,to confine
nahta-²,oppress
nahtana,*slain
nahte,wounding
nahte,wound
nai,maybe; be it that
nai,may it be that; perhaps
nai,it may be
nai,there is a chance
nai,possibility
naica,bitterly painful
naica,grievous
naina,upstream
nainië,lament
naiquet-,to curse
naiquet-,blaspheme
naira¹,dreadful
naira¹,horrible
naira¹,unendurable
naira²,vast
naira²,wide
naira²,empty
naitë,true
naitië,indeed
naitië,truly
nalda,bright
nalda,polished (of metal)
nalta,radiance
nalta,glittering reflection
alta,radiance
naltalma,heliograph
nam-,to judge
náma¹,judgment
náma¹,desire
náma²,thing
námië,single judgment
námië,desire
namna,statute
námo¹,person
námo¹,somebody (unnamed)
námo²,judge
nanca,*hewn
nanca,slain
nancar-,to undo
nanda¹,*back
nanda¹,rear
nan(do),(wide) valley
nan(do),vale
nan,valley
nan,vale
nanda²,vale (wide)
nandë,valley
nanquer-,*to turn back
nantul-,to return
nantul-,*come back
nanwa¹,existing
nanwa¹,actual (true)
nanwa²,(large) bowl
nanwë,ebb
nanwë,lowtide
lanwë,ebb-tide
nanwen-,to return
nanwen-,go/come back
napan-,to add
nápo,thumb
nápo,(lit.) picker
nápat,thumb and index [fingers] as a pair
tollë²,thumb
leptollë,*thumb
tolpë,thumb
toltil,thumb
nappa,claw
nappa,talon
namma,claw
namma,talon
náquet-,to assent
náquet-,agree (on fact); (lit.) to say ‘it is’
nár,fire (as an element)
Nárië,June
Nárië,*Fire-ness
Narquelië,October
Narquelië,Sun-fading
Narvinyë,January
Narvinyë,*New-fire
narwa,ruddy
narwa,red of hair
nasquë,bondage
nasquë,durance
nassë,nature
nassë,true-being; material; person
nassë,individual
nat,thing
nattir-,to look back
nattira-,to despise
nauca,stunted
nauca,shortened
nauca,dwarf(ed)
nauco,dwarf
naucon,Dwarf
nauro,werewolf
nauro,wolf (not wild wolves)
nav-¹,to judge
nav-¹,think [have as an opinion]
ham-,to judge
nem-¹,to judge
náva¹,hollow
náva²,*mouth (including tongue
náva²,lips and teeth)
náva²,speech apparatus
páva,mouth
náva-tengwë,consonant
pávatengwë,consonant
návë,being
naxa¹,bond
naxa¹,fetter
né,ago
né,behind (earlier time); yes (it was so)
néca,pale
néca,vague
néca,faint
néca,dim to see
necel,thorn
nef-,to breathe (air)
nefítë,air-breathing
nehta-,to deprive
nehtano,one deprived
nehtano,exile whose rights and goods have been confiscated
nehtar,slayer
nehtë¹,spearhead
nehtë¹,gore
nehtë¹,wedge
nehtë¹,narrow promontory; angle
neccë,angle
nehtë²,honey
nelya-,to thicken
nelya-,congeal
lelya-³,?thick
lelya-³,thicken & congeal
nem-²,*to seem
nem-²,appear
nemesta,appearance
nemesta,seeming
nén,water
nenda,wet
néna,wet
nenya,wet
ninda,wet
nendë,lake
nendil,beast that lives in the water
Nénimë,February
Nénimë,*Wet-ness
nér,man
nér,male person (of any kindred: elf
nér,human
nér,dwarf)
nercë,little man
nerdo,large
nerdo,strong man
nernehta,man-spearhead
nésa,sister
nessamelda,species of tree in Númenor
nessamelda,(lit.) beloved of Nessa
net(ë),one more beyond (the middle)
netil,trinket
netil,(?small thing) of personal adornment
nettë,(little) girl
nettë,sister (diminutive)
nettë,daughter
nettë,pretty little thing
netya,pretty
netya,dainty
netya-,to trim
netya-,adorn
nev-,to try
nav-²,to try
nexa,sharp
nexa,angular
nerca,sharp
nerca,angular
néya,once
néya,at one time
nëa,once
nëa,at one time
níca,small
nícë,little finger
nieninquë,snowdrop
nieninquëa,like a snowdrop
nil-,to love
nil-,*have special concern/care/interest for
nílë,a special concern with
nílë,love for
nillë¹,silver glint; Valinorian imagines [images of real stars]
nillë²,small [woman]
nilmë,love
nilmë,concern for things other than self for their own sakes
nimpa,drooping
nimpa,ailing
nimulë,phantom
nimulë,(lit.) a seeming
níma,phantom
níma,(lit.) a seeming
ninquë,white; chill
ninquë,cold; pallid
ninquita-,to whiten
ninquita-,grow white
nípa,small (usually with connotation of weakness)
niqu-,to be chill
niqu-,cold
niqu-,freeze (of weather)
niqu-,snow
nicu-,to be chill
nicu-,cold
nicu-,freeze (of weather)
nicu-,snow
niquë,cold
niquessë,frost-patterns; snowflake
niquessë,ice-flake; (lit.) chill feather
niquis,snowflake
niquis,ice-flake; petal (loose) of a white flower; frost-patterns
nir-,to press
nir-,urge
nir-,thrust
nir-,force (in a given direction)
níra,will (as a potential
níra,faculty)
níra,individual will (in potential)
nírë,force
nírítë,forceful
nírítë,exerting great thrust
nírítë,pressure
nírítë,driving
nirmë,act of will
nirmë,exercise of will
nis-,*to smell sweetly
nís,woman (of any kindred: elf
nís,human
nís,dwarf)
nissë,woman
nísima,fragrant
nisto,large woman
nitya,little
nixë,frost; ice-flake
nixë,snow-flake
noirë,tomb
nólë,lore
nólë,knowledge
nólë,long study
nolmë,knowledge
nolmë,philosophy (including science)
nolmë,department of wisdom (science
nolmë,etc.)
nolmo,wise person
nolya,dark-haired
hróva¹,dark
hróva¹,dark brown (of hair)
loxa,brown of hair
nómë,place
nómessë,place-name
nóna,born
nonda,hand especially in (?clutching)
nonwë,calculation
nonwë,sum
nór,land
nor-¹,to run (or leap
nor-¹,of animals
nor-¹,men)
nórë,land
nórë,country; †people
nórë,race
nórë,tribe
norië,race
norië,running
norima,strong/swift at running
norima,swiftly running a course
normë,race
normë,running
norna,tough
norna,stiff; hard
norna,firm
norna,resistant; thrawn
norna,obdurate
Norno,Dwarf
norno,oak
nordo,oak
noroitë,(capable of) running
norolinda,*tripping lightly
norta-,to ride
norta-,[lit.] make run (specially used of riding horses
norta-,other animals)
nortil,cape (of land)
nos(së),kindred
nos(së),family
nosta-,to beget
nosta-,be begotten
nostar,parent
nostar,begetter
ontari(l),*mother
ontari(l),(lit.) genetrix
not-,to count
notessë,numeral
nótië,*counting
nótima,countable
nótima,limited in number (weight and measure); (colloquial) moderate in amount
nótima,some
nótima,few
nótima,several
nuhta-,to stunt
nuhta-,prevent from coming to completion
nuhta-,stop short
nuhta-,not allow to continue
núla¹,dark
núla¹,occult
núla¹,mysterious
núlë,black arts
núlë,sorcery
numba,bent
numba,humped
númen,west
númen,direction
númen,region of the sunset
númen,occident
númen,(lit.) going down
númë,west
núna,western
nunna,down[wards]
nuquerna,reversed
nuquerna,inverted
nuquerna,*(lit.) under-turned
nurru-,to murmur
nurru-,grumble
nurru-,mumble
nurta-,to hide
nurtalë,hiding
urtu,death
núta-,to lower
andúta-,to lower
nútaite,*(naturally) lowering
nútaite,?degrading
nútil,under-point
nútima,*lowerable
nuxo,Petty dwarf
núya-,to descend
andúya-,to descend
nwalmë,torment
nwámë,wolvish howling
nwar-,to fret
nwar-,wear away
nyar-,to relate
nyar-,recite
nyárë,history
nyárë,account
nyarna,long epic tale
nyarna,story
nyarna,legend
nyarnamaitar,storyteller
nyarnamaitar,composer of long epic tales
nyellë,small bell
öa,away (of movement)
öa-,to possess
öa-,own
öa-,keep
auta-²,to possess
auta-²,own
auta-²,keep
öar,(towards) away
avar,away down
var,*from
var,away to
ócom-,to gather
ócom-,assemble
(o)combë,gathering
(o)combë,assembly
(o)combë,assemblage
(o)combë,collection
combë,gathering
combë,assembly
combë,assemblage
combë,collection
ohlon,diphthong
oholima,confidential
ohta,war
ohtar,warrior
oia(la),everlasting
oia(la),unceasing
oia(la),without end
oia(la),for ever
oiavë,everlastingly
oialëa,eternal
oi,ever
oi,everlastingly
oiolairë,ever-summer (a species of tree)
ola-,to become
óla-,to dream (impersonal)
ólama,consonant
ólamaitë,consonantal
olass(i)ë,foliage
olass(i)ë,collection of leaves
olba,branch
olca,bad
olca,wicked
olië,company
olië,people together
ollë,*other one
olmen,growth-year
olmië,growth
oloirë,great flood
oloiya-,to inundate
oloiya-,flood
olor,dream
olor,vision
olos²,dream
olos²,vision
olos¹,inflorescence
olos¹,mass of flowers (on one plant)
lós,inflorescence
lós,mass of flowers
olosta,dreamy
olótë,bloom
olótë,the flowers collectively of a single plant
olva,plant
olva,growing things with roots in the earth
óma,voice
óma,resonance of the vocal chords
óma,vowel
óman,vowel
ómatailë,vowel lengthening
ómataima,vocalic extension
ómataina,vocalic extension
ómatehta,vowel-sign
óma-tengwë,vowel-sign
ombari,company
ombari,dwellers together
omen-,to move to a common point
omen-,meet
omentië,meeting (of pathways)
omentië,(lit.) coming together of journey-path
omentië,meeting
omentië,junction of the directions of two people
ondo,stone (as a material)
ondo,(large mass of) rock
ondolunca,stonewain
ondomaitar,sculptor in stone
ondórëa,hard-hearted
ondórëa,pitiless
ongwë,crime
onna,child
onwë,child
onot-,*to count up
onot-,reckon
onótië,*reckoning
onótimo,*reckoner
onta-,to beget
ontalë,descent
ontamo,mason (sculptor)
ontavalië,puberty
ontavalië,*(lit.) able to beget
onya,my child
ópa,mouth (opening of which the lips are the edges)
or-,to warn
or-,urge
or-,feel an urge/wish/desire
ora-,to warn
ora-,urge
ora-,feel an urge/wish/desire
órava-,*to have mercy
ócama-,*to have mercy
orco,Orc
orda,profound
órë,heart (inner mind); warning
órë,caution
órë,(pre)monition
óricuvoitë,uncommunicative
óricuvoitë,keeping one’s own counsel (not necessarily sinister)
ormo,riser
ornë,(tall) tree
ornemalin,[tree] bearing yellow flowers
ornendur,tree-keep
ornendur,forester
ornendur,woodsman
oro,mount
oro,mountain
oro,hill
oroman,mountain dweller
oromar,lofty hall
oromar,high-mansion
oromar,high (lofty) dwelling
oron,mountain
orotinga,mountain-top
orróna,eastern
orta-¹,to raise
orta-¹,lift (up)
orta-¹,(lit.) cause to rise
orta-²,to rise
ortil,up-point
ortírië,*patronage
ortírië,(lit.) watching over (from above)
orto,mount
orto,mountain
orto,hill
orwa,high
orwa,lofty
orna,high
orna,lofty
orya-¹,to rise
orya-²,*to raise
oryandë,arising
ósanwë,communication of thought
ósanwë,interchange of thought; (lit.) thinking together (dual)
ostimë,blend
osto,fortress
osto,stronghold
osto,strong place
ovéa,(con)similar
ovéa,alike
vávëa,(con)similar
vávëa,alike
pakta-,to speak
pakta-,talk (intransitive)
pahta¹,closed
pahta¹,shut
pahta¹,private
pahta²,speech
palantir-,to watch/look afar
palantír,far-gazer
palantír,far-seer
palantír,(lit.) that which looks far away
palanyantië,telepathy
palantímië,telepathy
palda,wide
palda,broad
palta,flat of the hand
palta-,to feel with the hand
palta-,stroke
pan-,*to arrange
pan-,set in order
par-,to learn
parca,naked (of persons)
parma,book
parma,writing
parma,composition
parma,written document of some size
parmahenta-,*to read
parmahentië,(book) reading
parma-resta,*book-fair
parmatéma,p-series
parnë,bald
parnë,bare
parnë,naked
parna,bare
pas-,to smooth
pasta,smooth(ed)
pasta,sleek
pasta,glabrous
passa,smooth
passa,glabrous
pasta-,to smooth
pasta-,iron
pata-,to walk
pataca,consonant
patta,smoothed
patta,sleek
pé,(closed) mouth; lip
pecco,nut
peccuvo,squirrel
peccuvo,(lit.) nut-hider
pel-,to go round
pel-,encircle
pelma,border
pelma,fringe
pelma,edge
pelma,limiting device
pelo,boundary (fence)
peltas,fence of fixed stakes
peltas,a ‘pale’
pempë,lip
pen-,not to have
penda,sloping down
penda,(steeply) inclined
penda-,to slope
penda-,incline
pendë,steep incline
pendë,hill side
penga-,to pout
penna,vowel; (orig.) lacking
penquanta,full to the brim
penquanta,with mouth full
penya,lacking
penya,inadequate
Perian,Halfling
pí,small insect
pí,fly
pia,little
pic-,to lessen
pic-,dwindle
pic-,wane
picina,little
pincë,little
pilinehtar,a reed-like plant
pilinehtar,(lit.) ?arrow thorn
pirë,toe
pirindë,flower that opened and shut quickly with any change of light
pirnë,flower that opened and shut quickly with any change of light
pirucendëa,on the point of her toes
pitya,petty
pitya,little
pol-,can
pol-,to be (physically) able to
polda,big
polë,meal
polë,grist
póna,forward
psar-,to rub
púlima,pourable
púlima,liquid
pupso,large fly
púrëa,smeared
púrëa,discoloured
púrëa,bleared
quácë,frog
quáco,crow
qual-,to die
quanta,full
quanta,filled
quanta-,to fill
quantemma,facsimile
quantemma,*(lit.) full-picture
quantolië,maturity
quár(ë),fist
quár(ë),closed hand
quat-,to fill
quëa,vegetable
quel-,to fade
quelië,*fading
quellë,late autumn and early winter
quellë,(lit.) fading
Quendë,Elf
Quendë,(lit.) One That Speaks
quendi,female Elf
quendu,male Elf
quenelya,of the Elves
quenna,saying
quenna,proverb
quenso,minstrel
quenso,reciter
quenta,story
quenta,narrative
quenta,account
quenta,history
quentalë,history
quentalë,narration
quentaro,speaker
quentaro,reciter
quentasta,historical account
Quenya,Elvish
Quenya,High-elven
Quenya,Elf-latin
Quenya,†speech
Quendya,Elvish
Quenyarin,*of Quenya
quer-,to turn
queren,pivot
queren,revolving centre
querma,spinning wheel
querma,turn-table
querna,*turned
quessë,feather
quessetéma,kw-series
questa,speech
questa,language
quet-,to say
quet-,speak
quet-,tell
quetië,words
quétima,speakable
quétima,pronounceable
quétima,*able to be said
quetta,word
quín(ë),crest
quín(ë),ridge
quinna,crested
quiquië,whenever
quië,whenever
quista-,to suppose
rá¹,lion
rac-,to break
racina,stripped
racina,deprived
rácina,broken
raf-,to wave
raf-,brandish
raica,crooked
raima,net
raina¹,netted
raina¹,enlaced
raina¹,caught in a net
raina²,smiling
raina²,gracious
raina²,sweet-faced
rainë,*peace
rainë,good will
raita-¹,to make network
raita-¹,lace; to catch in a net
rëa-,to make network
rëa-,lace
raita-²,to smile
raiwë,lace
ral-,*to return
ráma,wing
ráman,great ship for sailing on the Great Sea
rámannerte,ship-ennead
ramba,wall
Rána,Moon
Rána,(lit.) Wayward
ránasta,lunar month
ranga,yard
ranga,full pace
rantala,ladder
ranya,erratic wandering
ras-,to stick out
rasillo,squirrel
rassë,horn
ráta-,to excel
ráta-,surpass
ratta,track
rauco,demon
rauco,powerful hostile and terrible creature
arauco,demon
rauca,demon
raumo,(noise of a) storm
rauro,lion
ráva,free
ráva,unfettered
ráva,uncontrolled
ráva,lawless
rávë,roaring noise
rávëa,roaring
raxa,wain
raxa,*wagon
raxë,*danger
ré,day (period from sunset to sunset)
rëa,single
rehta-,to rescue
rehta-,save
rehtië,rescue
rehtië,saving
rem-,to snare
remba-,to net
remba-,entrap
rembë,mesh; net (for catching)
rembë,hunter’s
rembë,fisher’s net
rembina,entangled; meshed
rembina,netted
rembina,woven
remma,snare
resta,sown field
resta,tilled ground
resta,acre; *fair
retto,*climber
ría,wreath
ría,garland
rië¹,garland
riendë,garland
ric-¹,to try
ric-¹,put forth effort
ric-¹,strive
ric-¹,endeavour
rihta-,to strive
ric-²,to twist
rië²,only
riel(lë),garlanded maiden
riel(lë),maiden crowned with a festive garland
ríma,fillet
ríma,snood
rimbë,host
rimbë,great number
rína,garlanded
rína,crowned
rindë,swift
ringa,cold
Ringarë,December
Ringarë,*Coldness
rista-,*to cut
ró,the[?] [?next]
röa,dog
rocco,horse
rohta,*debt
rohta,trespass
luhta,*debt
luhta,trespass
lucië,*debt
lucië,trespass
lucassë,*debt
lucassë,trespass
rohtalië,*debtors
rohtalië,trespassers
rohtalië,(lit.) debt/trespass people
rocindë,*debtor
rocindë,one who trespasses
lucindo,*debtor
lucindo,one who trespasses
lucando,debtor
lucando,one who trespasses
róma,horn
romba,horn
romba,trumpet
rómen,east
rómen,uprising
rómen,sunrise
hróme(n),east
róme,east
ronda,solid
ronda,firm
rondo¹,vaulted
rondo¹,arched roof
rondo¹,vaulted hall
rondo²,staff (of hardwood)
ron(go),soon
roquen,horseman
roquen,rider; knight
rossë,rain; foam
rotto,small grot
rotto,tunnel
ruc-,to feel fear
ruc-,horror; *to flee (to)
rúcima,terrible
rúcina,confused
rúcina,shattered
rúcina,disordered
rúcina,ruined
ruhta-,to terrify
ruimen,fireplace
ruimen,hearth
ruina,blazing
ruina,fiery
ruinë,fire
ruinë,blaze
rum-,to shift
rum-,move
rum-,heave (of large and heavy things)
rúna-,to free
runando,*redeemer
runda,smooth
runda,polished
runya,fiery red
rúnya,red flame
rusca¹,red-brown
rusco,fox
ruscuitë,foxy
rúsë,wrath
rúsëa,wrathful
russa,red-haired
russë,head
russë,pelt of red hair
ruxa,wroth
rusca²,wroth
ruxa-,to crumble
ruxotompalë,Great Bear-dance
aþa,I agree of course
aþa,of course I do
þá,I agree of course
þá,of course I do
sac-,to close
sahta,marred
sahta-,to induce
sahtië,pressure
sahtië,force (to do something against one’s will
sahtië,conscience)
saila,wise
sal-,[unglossed]
sam-,to have
sámo,helper
sampanë,combination
sana-,*to think
sana-,reflect
sanar,mind
sanar,thinker
sanar,reflector
sáma,mind
sanda,shield
sandastan,shield-barrier
sanga,throng
sanga,press
sanga,pressure
sangië,necessity
sangië,*pressing need
sangië,concern
sanomë,there
sanwë,thought
sanwë,an act of thinking
sanwecenda,thought-inspection
sanwecenda,thought-reading
sanwë-latya,thought-opening
sanwementa,thought-sending
sanwementa,mental message
samna,delved hole
samna,pit
sáquet-,I will
sáquet-,to agree (to do); (lit.) to say ‘yes’
þáquet-,to say ‘yes’
þáquet-,I will
þáquet-,agree (to do)
sar,stone (small)
sára,*bitter
sarat,letter (of the Rúmilian alphabet)
sarda,hard (*as stone)
sarë,ford
sarmë,writing
sarnië,shingle
sarnië,pebble bank
sarta,steadfast
sarta,trusty
sarta,loyal
sat-,to set aside
sat-,appropriate to a special purpose
sat-,owner
satar,trusty follower
satar,loyal companion
sarto,trusty follower
sarto,loyal companion
satya,private
satya,separate
satya,not common
satya,excluded
saucarë,doing
saucarë,making a thing very badly
saucarya,evil-doing
saura,cruel
saura,evil
saura,vile; stinking
saura,foul; bad
saura,unhealthy
saura,ill
saura,wretched
sav-,to believe
seldë,daughter
selma,fixed idea
selma,will
þelma,fixed idea
þelma,will
seltil,daughter [finger name]
selyë,daughter (diminutive)
sen-,to let loose
sen-,free
sen-,let go
senta,short
senna,short
senya¹,usual
senwa,usual
senya²,*my child
ser-,*to sew
sercë,blood
sercilixa,blood-thirsty
sérë,*peace
serindë,broideress
serindë,needlewoman
serindë,*seamstress
sí,now
sír,now
sië,thus
sil-,to shine (white)
silima,crystal substance devised by Fëanor
sillë,like this
silmë,starlight
silmë nuquerna,s-reversed
silo,hence
sio,hence
silumë,now
silumë,(lit.) at this time
síma,imagination
síma,mind
isima,imagination
isima,mind
simen,hither
sin¹,*thus
sincahonda,flint-hearted
sinda,grey
sindë,grey
sindë,pale
sindë,silvery grey
Sindarin,Grey-elven
Sindel,Grey-elf
sindië,greyness
sinen,by this means
sinen,so
sinomë,here
sinomë,(lit.) in this place
sintamo,smith
sinwa,known
sinwa,certain
sinwa,ascertained
sir(a),hither
hyázë,*this day
sír(ë),river
sirya-,to flow
sisíla-,to shine (frequentative)
sissë,here
sís,here
sítë,of this sort
sívë²,peace
sívë³,knowing
sívë³,knowledge
söa,filth
soica,thirsty
sól,?helmet
sól,?top
solma¹,?helmet
solma¹,?top
solos,?helmet
solos,?top
solma²,hall
solma²,chamber
songa,mouth (interior cavity behind the teeth containing the tongue)
sánë,pine
sorna,steadfast
soron,eagle
sorno,eagle
þorya-,to dread
þorya-,feel fear
þossë,fear
þosta-,to put to fright
þosta-,terrify
sú,sound of wind
súlë,breath; (movement of) spirit
súlë,emission of power (of will
súlë,desire)
þúlë,spirit
Súlimë,March
Súlimë,*Windy-one
súma,hollow cavity
súma,bosom
sundo,base
sundo,root
sundo,root-word
sundóma,determinant vowel
sundóma,root-vowel
sur-,*to seek
þur-,*to seek
súrë,wind
súrë,breeze
surië,*(an act of) seeking
þurië,*(an act of) seeking
súriquessë,species of grass
súriquessë,(lit.) wind feather
surya-,to blow (intr.)
sussë,puff (of air)
susta-,to blow (tr.)
súta-,to blow (tr.)
tá,then
tai³,then
tailë,lengthening
taima,extension
taina²,extension
taina¹,stretched
taina¹,elongated
taitë,of that sort
tál,foot
talan,flat space
talan,platform
talca,post
talca,mark
tal(da),to the bottom
tallë,like that
tallë,*in that way
talma¹,basis
talma²,flat space
talma²,platform
talo,thence
tó,thence
talta,tottering
talta,unsteady
talta-,to slip
talta-,slide down
talta-,collapse
talta-,fall
taltil,toe
taltil,*(lit.) foot-tip
talumë,at that time
taman,thing made by handicraft
tamen,thither
tamma,tool
tamo¹,smith
tamo¹,builder
tamo¹,wright
tamo¹,artificer
tana-,to show
tana-,indicate
tancal(a),brooch
tancal(a),clasp
tancarya-,*to become firm
tancata-,to make firm
tancata-,fix
tancata-,confirm
tanen,in that way
taniquelassë,*high-white-leaf
tanna¹,sign
tanna¹,token
tanwa,sign
tanwa,token
tanna²,thither
tanomë,there
tanomë,(lit.) in the place (referred to)
tanta-,to play a harp
tant(il)a,harp
tapta,impeded
tar,honorific
tar,sir
tar,madam
tar-²,to stand
tar(a),thither
tára¹,lofty
tára¹,tall
tára¹,high
tára²,wise
taras,a great towering building (fort/city/castle)
taras,tower
tarhanwa,throne
tarhanwa,(lit.) high seat
arcanwa,*throne
tári,queen
tárië,height
Tárion,alternate name of the last day of the Eldarin six-day week
táris(së),queenship
tarma,pillar
tarminas,great towering building (fort/city/castle)
tarminas,tower
tasar(ë),willow
tassa,index finger
tassë,there
tás,there
tata,*daddy
tauca,stiff
tauca,wooden
taura,(very) mighty
taura,masterful; vast
taura,of unmeasured might
taura,size
taurë,forest
taurë,(great) wood
taurëa,forested
tautamo,carpenter
tautamo,[wood] carver
tav-,*to endure
táva,great tree
tëa-,to indicate
tecil,pen
tehta,(written) mark
tehta,sign
tehta,symbol
tehta,†written letter
tel-,to end
tel-,finish (intr.)
telco,leg; stem
telconta-,to stride
telconta-,*(lit.) to leg it
telda,last
telda,final
telepta,silver
telluma,dome
telluma,cupola
telluma,vault
telma,conclusion
telma,anything used to finish off a work
telma,affair
telpë,silver
tyelpë,silver
telpina,like silver (in hue
telpina,worth)
telperin,like silver (in hue
telperin,worth)
telu,last
telumë,roof
telumë,canopy; heaven
telumë,sky
telya-,to finish
telya-,wind up
telya-,conclude (trans.)
téma,series
tenna²,letter (epistola)
tengwa,(written) letter; sign
tengwa,token
tengwa,indicator
tengwa-,to read written matter
tengwacilmë,spelling
tengwassë,alphabet
tengwë,sign
tengwë,token
tengwë,indication; writing
tengwelë,language (general term)
tengwesta,grammar
tengwesta,morphology
tengwesta,system
tengwesta,code of signs
tengwesta,collection of matter concerning writing
tengwesta,*language structure
tengwestië,language [as a concept]
tengwië,reading; language (*signing)
tenna³,thought
tenna³,notion
tenna³,idea
tennoio,forever
tensi,already
tensi,still
tensi,up to now/here; yet [from present]
tenta,still
tenta,yet [past]
tenta-,to point (to/out)
tenta-,indicate; to direct toward
tenta-,be directed toward; to go forth towards (with object)
tercáno,herald
tercen,insight
tercen,*(lit.) through-sight
tercenya,of insight
tercenya,*perceptive
termar-,to stand
termar-,*endure
termar-,last
termar-,(lit.) through-abide
thar-,[unglossed]
tië,path
tië,road
tië,way
tië,line
tihta-,to blink
tihta-,peer
tildë,a fine sharp point
tillë,tip
tillë,point; [within compounds] finger
tillë,toe
tilma,point
tin-,to spark
tin-,glitter
tinco,metal
tincotéma,t-series
tindómë,(starry) twilight
tindómë,(usually) time near dawn
tinga-,to go (for a long while)
tinta-,to kindle
tinta-,cause to spark
tintila-,to twinkle
tintila-,sparkle
tintila-,glitter
tintila-,give tremulous light
tintila-,†tremble
tinwë,spark
tinwë,[apparent] star
tir-,to watch (over)
tir-,guard
tir-,heed; to look (at)
tir-,gaze
tir-,observe
tirila,watching (something)
tírima,able to be watched
tírima,observable
tirion,watch-tower
tirítë,watchful
tirítë,vigilant
tirmo,watcher
töa,wood (as material)
toina,wood
tolbo,big toe; stump
tolbo,stub; thumb
taltol,big toe
tollë¹,island
tollë¹,(steep) isle
tol,island
tol,(steep) isle
tolma,protuberance contrived to serve a purpose
tolma,knob
tolma,short rounded handle
tolya,prominent
tolyo,sticker-up
tollo,sticker-up
tomba,[unglossed]
tompë,[unglossed]
torna,hard
tuilë,spring
tuilérë,*spring-day
tul-,to come
tulta-,to send (from point of view of receiver)
tultaima,*fetchable
tultaima,summonable
tulusta,advent
tulusta,arrival
tulya-,*to lead; to fetch
tulyandë,fetching
tumba,deep valley
tumbalë,depth
tumbalë,deep valley
tumbo,deep vale
tumbo,valley
tup-,to cover
tur-,to master
tur-,conquer
tur-,dominate
tur-,win
túra,big
túra,great
turca,strong
turca,powerful (in body)
turco¹,chief
turco²,*stronghold
túrë,*might
túrë,mastery
túrëa,mighty
túrëa,masterful
túrin,lord
turindo,purposeful mind
turindo,strong will
turindura,done necessarily
turmen,realm
turu-,to master
turu-,defeat
turu-,have victory over
turúna,mastered
turya-,*to strengthen
turyandë,fortification
tutulla-,to keep on coming (and going)
tuv-,to find
tuv-,discover
túvima,discoverable
tyal-,to play
tyalië,mirth
tyar-,to cause
tyav-,to taste
tyávë,*taste
tyelca,hasty
tyellë,grade
tyellë,order
tyellë,step (in a stairway
tyellë,ladder)
tyelpetéma,palatal series
tyulma,mast
þolon,helmet
úcalima,dim
úcalima,murky
úcar-,*to trespass
úcar-,do wrong
úcar-,sin
naiqua-,*to sin
úcarë,*sin
úcarë,debt
úcarë,trespass
úcárima,hard to do
úcárima,difficult
úcarindo,*sinner
naico,*sinner
naicando,*sinner
ulcarindo,*sinner
úcarnë,not red
úfantima,not concealable
úfantuma,not concealable
úfanwëa,not veiled
úfanwëa,unveiled
uhta-,to dislike
uhta-,feel disgust with
uhta-,avoid as painful
uhta-,nasty
ui-,to not be
ui-,to not do
ua-,to not be
ua-,to not do
ul-,to rain
ulca,evil; dark
ulca,gloomy
ulca,sinister
ulco,evil
ulo,rain
úlumë,ever
úlumë,at all times (in a series
úlumë,period)
úma-,to teem
úmaitë,clumsy(-handed)
úmaitë,unskilled
úmara,bad
úmara,ill-used
úmara,evil
úmara,sinister
úmárë,not good = evil
umba,swarm
umbacarin,[unglossed]
umbar,fate
umbar,doom
umbar,curse
ambar,fate
ambar,doom
umbë,imminence
umbë,threat; premonition
umbë,fear
umbë,unwelcome expectation
umbo(n),hill
umbo(n),lump
umbo(n),clump
umbo(n),mass
úmë,great collection
úmë,crowd of things of the same sort
úmë,throng
úmëa,abundant
úmëa,swarming
úmëa,teeming
úna¹,deprived of
úna¹,destitute
úna¹,forlorn
únat,thing impossible to be
únat,to be done
undómë,twilight
undómë,time near evening
undu,down
undu,under
undulav-,to drown
undulav-,swallow
undulav-,submerge
undulav-,(lit.) lick down
undumë,abyss
únehta,*atom
ungwë,spider’s web
únotë(a),not counted
únotë(a),uncounted
aunotë(a),not counted
aunotë(a),uncounted
únótima,numberless
únótima,innumerable
únótima,countless
únótima,difficult/impossible to count
urnótima,*difficult to count
urunóte,*difficult to count
unqualë,death agony
anqualë,*death agony
unquë,a hollow
untup-,to cover (over
untup-,up)
untup-,lie as a covering upon
untup-,(lit.) to cover down
únyárima,impossible to recount
uo,together
úpa,dumb [unable to speak]
úpa-,[unglossed]
úpahtëa,speechless
úquétima,unspeakable
úquétima,impossible to say
úquétima,put into words
úquétima,unpronounceable
úra¹,nasty
úra²,torrid
úra²,sultry
úra²,unpleasantly hot
urco,bogey
urco,orc
urda,hard
urda,difficult
urda,arduous
úrë,heat
úr,heat
Úrimë,August
Úrimë,*Hot-one
úro,*evil
úro,nastiness
urra,bad
ursa,rage
ursa-,to rage
urucárima,hard to make / do
urcarne,hard to make / do
urucarin,made with difficulty
urulócë,fire-serpent
urulócë,fire-drake
urus,copper
urya-,to be hot
úsahtië,inducement to do wrong
úsahtië,*temptation
insangarë,*temptation
terpellië,*temptation
terfantië,*temptation
usquë,dusk
usquë,dim light
uv-,*to be going to
úva-,to impend
úva-,be imminent
úva-,draw near [usually negative in sense]
úvana,marred
úvanë(a),without beauty
auvanëa,without beauty
úvanima,not fair
úvanima,ugly; hard to call beautiful
úvanima,hideous
úvanimo,monster
úvanimo,corrupt
úvanimo,evil creature
úvano,monster
úvano,corrupt
úvano,evil creature
úvië,pondering
úvië,consideration
uxarë,doing wrong
uscarë,doing wrong
vailë,wind
vaiwë,wind
váva,*wind
vëa²,wind
vailima,windy
vaina,blonde
vaina,fair of hair
vaire,?wavy
Vala,(Angelic) Power
Vala,‘God’
Vala,Authority
vala-,to have [divine] power
Valanya,*Friday
Valanya,Vala-day
valca,fierce
valca,ferocious
valda,excited
valda,wild
Valië,Female Vala
valmë,excitement
valmë,emotion
walmë,excitement
walmë,emotion
valta-,to excite
valta-,rouse
valta-,stir up
walta-,to excite
walta-,rouse
walta-,stir up
valut-,to flow away
valwistë,change of mind
walwistë,change of mind
valya-,to be excited (moved)
walya-,to be excited (moved)
vanda,oath
vanda,pledge
vanda,solemn promise
vanë,fair
vanessë,beauty
vangwë,storm; blow
vanië,beauty
vanima¹,beautiful
vanima¹,fair
vanima²,beautiful one
vanima²,fair one
vanimelda,beautiful and beloved
vanimelda,elven-fair
vanimalda,most beautiful
vanimalda,exceeding fair; thou beautiful
vanwa,gone
vanwa,lost
vanwa,departed
vanwa,vanished
vanwa,past
vanwa,over
vanwa,no longer to be had
vanwa,passed away
vanwa,dead
vanya,fair
vanya,beautiful
vanya,unmarred; fair-haired (yellow to golden)
vana,fair-haired (yellow to golden)
vanya-,to pass
váquet-,to refuse
váquet-,forbid
váquet-,prohibit; (lit.) to say no
váquet-,to say ‘I will not
váquet-,do not’
varanda,sublime
vardarianna,fragrant evergreen tree
varnë,russet
varnë,brown
vasar,veil
vasarya-,to veil
váya,ocean
váya,sea
waya,ocean
váya-,to blow
vëa¹,seeming
vëa¹,apparent
vecca,active
vehtë,[a span of] life; habitat
vehtë,haunt
vehtequentalë,biography
véla,*alike
véla,having a likeness
véla,similarity
velca,large
velca,great
velca,big
vendë,maiden
vendë,*virgin
wendë,maiden
vendelë,maidenhood
wendelë,maidenhood
vénë,*virgin
vénëa,*virginal
vëo,living creature
véra,personal
véra,private
véra,own
veri,wife
verta-,to give in marriage (a) to (b)
verta-,take as husband
verta-,wife (to oneself)
veru,husband
verya-,to marry (of husband and wife)
verya-,be joined to
veryanwë,wedding
vilva,fluttering to and fro
wilwa,fluttering to and fro
vilvarin,butterfly
wilwarin,butterfly
vilvarindëa,like a butterfly
wilwarindëa,like a butterfly
vilya,air
vilya,sky
wilya,air
wilya,sky
vínë,youth
vingë,foam
vingë,spindrift
vingë,spray
wing(a),foam
wing(a),spray
wingë,foam
wingë,spindrift
wingë,spray
vingil,*nymph
vingil,mermaid
vingil,foam-maid
wingil,*nymph
wingil,mermaid
wingil,foam-maid
winima,childish
vinimetta,end of youth
vinimo,baby
vinimo,little-one
win(i)cë,baby
win(i)cë,little-one
winimo,baby
winimo,little-one
vinta-,to scatter
vinta-,blow about
winta-,to scatter
winta-,blow about
vinya,young
vinya,new
vinyamo,youngster
winyamo,youngster
vinyarë,youth
Víressë,April
Víressë,*Freshness
virya-,to change
virya-,alternate
vista-,to change (transitive)
vistë,change
wistë,change
vorë,*always
vórima,faithful
voronda,faithful
voronda,steadfast (in allegiance
voronda,in keeping oath
voronda,promise)
voronwë,steadfastness
voronwë,loyalty
voronwë,faith(fulness)
wenya,fair
wenya,beautiful
were-,to weave
winë,baby
winë,little-one
winë,child not yet full grown
hinyë,baby
hintil,baby (finger)
wirnë,change
xiétë,passing
xiétë,impermanent
yaimë,wailing
yaimëa,wailing
yal-,to summon
yána,wide
yána,vast
yána,huge
yanda,wide
yonda²,wide
yonda²,roomy
yonda²,extensive
yanta,bridge
yanwë,joining
yára,old
yára,ancient
yárië,age
yarra-,to growl
yarra-,snarl
yavannamírë,Jewel of Yavanna
Yavannië,September
Yavannië,*Yavanna-ness
yávë,fruit
yáva,*fruit
yávië,autumn
yávië,harvest [time
yávië,act]
yáviérë,*autumn-day
yeldë,daughter
yén,Elvish long year (144 solar years)
yénië,annals
yermë,sexual desire (for marriage and procreation)
yesta,beginning
yomenië,meeting
yomenië,gathering
yonda¹,enclosed
yonna,enclosed
yondë,region
yondë,any fairly extensive region with well-marked natural bounds
yón,region
yondo,son
yondo,boy
yontil,boy
yontil,son [finger name]
yonwa,fence
yonwa,border
yonwa,boundary
yonyo,(big) boy
yonyo,son
yor-,to enclose
yor-,set bounds to/about
yosanwë,(pl.) congruence
yul-,to drink
yulda¹,drink
yulda¹,draught
yulda¹,thing drunk; cup
yulda²,drunk
yúlima,drinkable
yulma,cup
yulma,drinking vessel
yulma,drinking implement
yulma,goblet
yulmë,drinking
yulmë,carousal
yuluitë,drinking (as a habit)
yuluitë,*aquatic
yulunefítë,amphibious
yulunefítë,*(lit.) drinking-breathing
yúyal,twilight
úyalë,twilight
yúyo,both
ezel(la),green
